Feature,Perfect,Non-Perfect,Abs_Difference,Percent_Difference
3836,538,733,195,26.603001364256478
4266,382,525,143,27.23809523809524
23951,103,0,103,100.0
