Feature,Perfect,Non-Perfect,Abs_Difference,Percent_Difference
21633,666,396,270,40.54054054054054
1003,486,352,134,27.572016460905353
8822,232,130,102,43.96551724137931
22256,231,112,119,51.515151515151516
19230,228,506,278,54.9407114624506
9198,157,0,157,100.0
29136,134,0,134,100.0
26853,126,334,208,62.27544910179641
15504,71,250,179,71.6
