Feature,Perfect,Non-Perfect,Abs_Difference,Percent_Difference
25050,889,576,313,35.20809898762655
13953,575,313,262,45.565217391304344
29527,524,293,231,44.083969465648856
25756,322,650,328,50.46153846153846
30697,199,2,197,98.99497487437185
3130,168,270,102,37.77777777777778
8272,126,301,175,58.139534883720934
