Feature,Perfect,Non-Perfect,Abs_Difference,Percent_Difference
7671,853,990,137,13.83838383838384
3284,556,221,335,60.251798561151084
14501,254,12,242,95.2755905511811
8291,170,57,113,66.47058823529412
15506,101,0,101,100.0
18201,83,200,117,58.5
