Feature,Perfect,Non-Perfect,Abs_Difference,Percent_Difference
4837,416,669,253,37.81763826606876
24712,271,581,310,53.35628227194492
6193,214,0,214,100.0
9887,192,3,189,98.4375
900,125,245,120,48.97959183673469
13415,123,9,114,92.6829268292683
7292,116,342,226,66.08187134502924
