Feature,Perfect,Non-Perfect,Abs_Difference,Percent_Difference
9926,765,932,167,17.918454935622318
2216,258,554,296,53.42960288808665
20372,172,325,153,47.07692307692308
21781,165,24,141,85.45454545454545
9965,111,10,101,90.990990990991
10304,22,138,116,84.05797101449275
16586,11,130,119,91.53846153846153
17597,11,111,100,90.09009009009009
