Feature,Perfect,Non-Perfect,Abs_Difference,Percent_Difference
22139,303,186,117,38.613861386138616
9649,275,30,245,89.0909090909091
18562,274,556,282,50.719424460431654
11439,198,0,198,100.0
9492,192,49,143,74.47916666666666
15879,159,477,318,66.66666666666666
8971,30,145,115,79.3103448275862
17491,16,124,108,87.09677419354838
