Feature,Perfect,Non-Perfect,Abs_Difference,Percent_Difference
19904,649,814,165,20.27027027027027
3991,592,777,185,23.809523809523807
