Feature,Perfect,Non-Perfect,Abs_Difference,Percent_Difference
27281,576,772,196,25.38860103626943
24580,165,271,106,39.11439114391143
6880,150,19,131,87.33333333333333
