Feature,Perfect,Non-Perfect,Abs_Difference,Percent_Difference
7872,461,747,286,38.28647925033467
11758,315,190,125,39.682539682539684
4360,294,637,343,53.84615384615385
30509,269,31,238,88.47583643122677
29950,120,0,120,100.0
20294,111,466,355,76.1802575107296
20264,41,145,104,71.72413793103448
13518,40,196,156,79.59183673469387
