Feature,Perfect,Non-Perfect,Abs_Difference,Percent_Difference
9966,511,795,284,35.72327044025157
4245,445,103,342,76.85393258426966
21044,432,323,109,25.23148148148148
24190,123,0,123,100.0
24462,63,290,227,78.27586206896552
11993,46,172,126,73.25581395348837
32063,11,192,181,94.27083333333334
