Feature,Perfect,Non-Perfect,Abs_Difference,Percent_Difference
2806,377,656,279,42.53048780487805
14621,191,0,191,100.0
11830,181,78,103,56.9060773480663
30181,70,234,164,70.08547008547008
19869,66,176,110,62.5
6489,6,147,141,95.91836734693877
