Feature,Perfect,Non-Perfect,Abs_Difference,Percent_Difference
16994,494,728,234,32.142857142857146
23091,417,308,109,26.139088729016784
16870,374,228,146,39.037433155080215
6544,327,43,284,86.85015290519877
13301,213,0,213,100.0
32330,147,263,116,44.106463878327
21572,91,285,194,68.0701754385965
28381,59,161,102,63.35403726708074
1601,11,231,220,95.23809523809523
