Feature,Perfect,Non-Perfect,Abs_Difference,Percent_Difference
11205,904,566,338,37.389380530973455
9478,778,940,162,17.23404255319149
5737,310,111,199,64.19354838709678
21746,263,117,146,55.51330798479087
5500,262,119,143,54.58015267175572
32053,259,154,105,40.54054054054054
8930,245,81,164,66.93877551020408
32693,62,204,142,69.6078431372549
