Feature,Perfect,Non-Perfect,Abs_Difference,Percent_Difference
1282,806,517,289,35.8560794044665
10144,387,735,348,47.3469387755102
745,198,432,234,54.166666666666664
26203,177,60,117,66.10169491525424
20969,111,0,111,100.0
13283,105,0,105,100.0
16153,101,0,101,100.0
2113,28,162,134,82.71604938271605
