Feature,Perfect,Non-Perfect,Abs_Difference,Percent_Difference
16593,758,965,207,21.450777202072537
20492,371,217,154,41.509433962264154
1706,362,103,259,71.54696132596685
5039,260,428,168,39.25233644859813
7553,227,0,227,100.0
