Feature,Perfect,Non-Perfect,Abs_Difference,Percent_Difference
16001,328,624,296,47.43589743589743
10174,307,141,166,54.071661237785015
276,255,561,306,54.54545454545454
13723,190,0,190,100.0
30360,42,368,326,88.58695652173914
4283,8,117,109,93.16239316239316
