Feature,Perfect,Non-Perfect,Abs_Difference,Percent_Difference
29371,380,653,273,41.807044410413475
27009,246,111,135,54.87804878048781
31009,226,0,226,100.0
11709,160,41,119,74.375
24532,121,350,229,65.42857142857143
18419,101,1,100,99.00990099009901
32619,92,429,337,78.55477855477857
