Feature,Perfect,Non-Perfect,Abs_Difference,Percent_Difference
2776,843,984,141,14.329268292682926
923,511,222,289,56.555772994129164
11077,342,219,123,35.96491228070175
11827,283,120,163,57.59717314487632
20991,276,17,259,93.84057971014492
4192,208,380,172,45.26315789473684
7817,139,11,128,92.08633093525181
30071,27,146,119,81.5068493150685
